seed,model,variant_type,corruption,severity,rmse_mean,mae_mean,nll,sharp,reg_ece,reg_ece_pf_mean,reg_ece_pf,coverage_pf_50_80_90_95,experiment_name,run_id,architecture,architecture_tag,loss_mode,loss_tag,nominal_level,coverage_pf_mean,coverage_pf,coverage_gap_abs_mean,interval_width_mean,interval_width_pf
45,MeanPoolLinear_RESVAR,predictive,gaussian_blur,1,0.4849027693271637,0.37153273820877075,-0.43453726172447205,0.21663464605808258,0.03274615854024887,0.03274615854024887,"[0.037836961448192596, 0.01824743114411831, 0.040652818977832794, 0.04423383250832558, 0.04477139562368393, 0.035369567573070526, 0.018040738999843597, 0.016472574323415756, 0.028992336243391037, 0.042843930423259735]","[[0.4549206495285034, 0.7687301635742188, 0.8783730268478394, 0.9338492155075073], [0.4806349277496338, 0.7825396656990051, 0.8942857384681702, 0.9461507797241211], [0.4623015820980072, 0.7615873217582703, 0.8744444251060486, 0.9340079426765442], [0.4548412561416626, 0.7620238065719604, 0.8766269683837891, 0.936984121799469], [0.45206350088119507, 0.7680555582046509, 0.8823412656784058, 0.9419047832489014], [0.46166667342185974, 0.7719841003417969, 0.886388897895813, 0.9443253874778748], [0.4724999964237213, 0.7730952501296997, 0.8841666579246521, 0.9406746029853821], [0.49916666746139526, 0.7881349325180054, 0.8838492035865784, 0.934166669845581], [0.46936509013175964, 0.7748016119003296, 0.8866269588470459, 0.9463889002799988], [0.39674603939056396, 0.8383333086967468, 0.9425793886184692, 0.9721031785011292]]",MeanPoolLinear_RESVAR,MeanPoolLinear_RESVAR_seed45,meanpool_linear,MeanPoolLinear,residual_variance_reg,RESVAR,,,,,,
45,MeanPoolLinear_RESVAR+posthocT,predictive,gaussian_blur,1,0.4849027693271637,0.37153273820877075,-0.43680617213249207,0.2391670048236847,0.024900516495108604,0.024900516495108604,"[0.02204694226384163, 0.02005026303231716, 0.02696792595088482, 0.03274955227971077, 0.029369967058300972, 0.030295468866825104, 0.013099935837090015, 0.0150082316249609, 0.021402984857559204, 0.03801390156149864]","[[0.47702381014823914, 0.7918650507926941, 0.8971031904220581, 0.9466666579246521], [0.5023015737533569, 0.8064285516738892, 0.9111904501914978, 0.9588491916656494], [0.48253968358039856, 0.7848809361457825, 0.8940476179122925, 0.9458333253860474], [0.4761904776096344, 0.7859126925468445, 0.8951190710067749, 0.9493253827095032], [0.47361111640930176, 0.7927380800247192, 0.9016666412353516, 0.953769862651825], [0.48448413610458374, 0.7950000166893005, 0.9038095474243164, 0.9563094973564148], [0.49138888716697693, 0.7958729863166809, 0.9026190638542175, 0.9533730149269104], [0.5198412537574768, 0.8087301850318909, 0.8997619152069092, 0.946587324142456], [0.49198412895202637, 0.7997221946716309, 0.9051983952522278, 0.9580555558204651], [0.4182142913341522, 0.870119035243988, 0.9523412585258484, 0.9776190519332886]]",MeanPoolLinear_RESVAR,MeanPoolLinear_RESVAR_seed45,meanpool_linear,MeanPoolLinear,residual_variance_reg,RESVAR,,,,,,
45,MeanPoolLinear_RESVAR+pfT,predictive,gaussian_blur,1,0.4849027693271637,0.37153273820877075,-0.4373531919340514,0.24342567872323875,0.02389567904174328,0.02389567904174328,"[0.02226228639483452, 0.01783219911158085, 0.024966411292552948, 0.028559677302837372, 0.024002207443118095, 0.030113983899354935, 0.013022257015109062, 0.015065915882587433, 0.02055790275335312, 0.042573943734169006]","[[0.4836111068725586, 0.7985714077949524, 0.9014285802841187, 0.9498809576034546], [0.49146825075149536, 0.7951984405517578, 0.902738094329834, 0.9525396823883057], [0.4973412752151489, 0.7998015880584717, 0.9058730006217957, 0.953849196434021], [0.483174592256546, 0.7968651056289673, 0.9019047617912292, 0.953769862651825], [0.48480159044265747, 0.8053571581840515, 0.9107142686843872, 0.9596428275108337], [0.4863491952419281, 0.7967857122421265, 0.9056745767593384, 0.9572222232818604], [0.4850793778896332, 0.7879365086555481, 0.896309494972229, 0.9486904740333557], [0.5125793814659119, 0.8009523749351501, 0.8940079212188721, 0.9424999952316284], [0.4972222149372101, 0.8051587343215942, 0.910793662071228, 0.9611507654190063], [0.39789682626724243, 0.8398809432983398, 0.9431746006011963, 0.9725396633148193]]",MeanPoolLinear_RESVAR,MeanPoolLinear_RESVAR_seed45,meanpool_linear,MeanPoolLinear,residual_variance_reg,RESVAR,,,,,,
45,MeanPoolLinear_RESVAR+conformal90,interval,gaussian_blur,1,0.4849027693271637,0.37153273820877075,-0.43453726172447205,0.21663464605808258,0.03274615854024887,0.03274615854024887,"[0.037836961448192596, 0.01824743114411831, 0.040652818977832794, 0.04423383250832558, 0.04477139562368393, 0.035369567573070526, 0.018040738999843597, 0.016472574323415756, 0.028992336243391037, 0.042843930423259735]",,MeanPoolLinear_RESVAR,MeanPoolLinear_RESVAR_seed45,meanpool_linear,MeanPoolLinear,residual_variance_reg,RESVAR,0.9,0.8985873015873016,"[0.8970634920634921, 0.8995634920634921, 0.9001984126984127, 0.8936111111111111, 0.8984920634920635, 0.8936111111111111, 0.895, 0.9021428571428571, 0.9029365079365079, 0.9032539682539683]",0.003119047619047621,1.6398764848709106,"[1.7955433130264282, 1.2348647117614746, 1.823874592781067, 1.9599488973617554, 2.0387556552886963, 1.9960938692092896, 1.229024052619934, 1.0453778505325317, 1.6811790466308594, 1.5941280126571655]"
45,MeanPoolLinear_RESVAR+cdfCal90,interval,gaussian_blur,1,0.4849027693271637,0.37153273820877075,-0.43453726172447205,0.21663464605808258,0.03274615854024887,0.03274615854024887,"[0.037836961448192596, 0.01824743114411831, 0.040652818977832794, 0.04423383250832558, 0.04477139562368393, 0.035369567573070526, 0.018040738999843597, 0.016472574323415756, 0.028992336243391037, 0.042843930423259735]",,MeanPoolLinear_RESVAR,MeanPoolLinear_RESVAR_seed45,meanpool_linear,MeanPoolLinear,residual_variance_reg,RESVAR,0.9,0.9009166666666667,"[0.8983730158730159, 0.9001587301587302, 0.9026587301587301, 0.8965873015873016, 0.9032142857142857, 0.9, 0.8948015873015873, 0.9013095238095238, 0.9082936507936508, 0.9037698412698413]",0.002964285714285697,1.4725271226398213,"[1.7320497517678366, 1.1654472227835393, 1.7383639473483052, 1.8684747878005372, 1.951452703404355, 1.9296906642542984, 1.1956235499427785, 1.003338887772183, 1.5890880060233745, 0.5517417053010073]"
45,MeanPoolLinear_RESVAR+gaussSplitConf90,interval,gaussian_blur,1,0.4849027693271637,0.37153273820877075,-0.43453726172447205,0.21663464605808258,0.03274615854024887,0.03274615854024887,"[0.037836961448192596, 0.01824743114411831, 0.040652818977832794, 0.04423383250832558, 0.04477139562368393, 0.035369567573070526, 0.018040738999843597, 0.016472574323415756, 0.028992336243391037, 0.042843930423259735]",,MeanPoolLinear_RESVAR,MeanPoolLinear_RESVAR_seed45,meanpool_linear,MeanPoolLinear,residual_variance_reg,RESVAR,0.9,0.9042142857142856,"[0.8964682539682539, 0.8990079365079365, 0.9014285714285715, 0.8961507936507936, 0.9035714285714286, 0.8995238095238095, 0.8959920634920635, 0.9000396825396826, 0.9073809523809524, 0.9425793650793651]",0.006785714285714306,1.4797453227961428,"[1.7300714716318517, 1.1619162036184867, 1.7336604646510692, 1.8684460292705873, 1.9537481322452646, 1.9283121225406896, 1.198143795683239, 1.0070245509415467, 1.5835140265073124, 0.632616430871378]"
45,MeanPoolLinear_RESVAR,predictive,gaussian_blur,3,0.5453082323074341,0.42047977447509766,-0.262197345495224,0.23617689311504364,0.06600594520568848,0.06600594520568848,"[0.23295266926288605, 0.03199057653546333, 0.03351278603076935, 0.06921696662902832, 0.10484626889228821, 0.03105737268924713, 0.058250363916158676, 0.022122880443930626, 0.03788350895047188, 0.03822604566812515]","[[0.3377380967140198, 0.5861904621124268, 0.7012301683425903, 0.783134937286377], [0.46261903643608093, 0.7578571438789368, 0.8658333420753479, 0.9242857098579407], [0.465753972530365, 0.7637301683425903, 0.8771428465843201, 0.9379761815071106], [0.4218650758266449, 0.7313095331192017, 0.8515475988388062, 0.9188492298126221], [0.40567460656166077, 0.6957142949104309, 0.8219444155693054, 0.8985714316368103], [0.45976191759109497, 0.7734920382499695, 0.8907936215400696, 0.9475396871566772], [0.42765873670578003, 0.7141666412353516, 0.8289682269096375, 0.8957936763763428], [0.4851587414741516, 0.769444465637207, 0.8677380681037903, 0.9235714077949524], [0.46793651580810547, 0.7683730125427246, 0.8793253898620605, 0.9371825456619263], [0.4275793731212616, 0.8626984357833862, 0.9420238137245178, 0.9680555462837219]]",MeanPoolLinear_RESVAR,MeanPoolLinear_RESVAR_seed45,meanpool_linear,MeanPoolLinear,residual_variance_reg,RESVAR,,,,,,
45,MeanPoolLinear_RESVAR+posthocT,predictive,gaussian_blur,3,0.5453082323074341,0.42047977447509766,-0.2766415476799011,0.2607418894767761,0.0534152016043663,0.0534152016043663,"[0.21219979226589203, 0.027275346219539642, 0.02389160916209221, 0.04733174294233322, 0.08202873170375824, 0.02016911655664444, 0.043491799384355545, 0.017562543973326683, 0.026675613597035408, 0.0335257351398468]","[[0.3546825349330902, 0.6090475916862488, 0.724841296672821, 0.8052777647972107], [0.4817063510417938, 0.7813095450401306, 0.8836110830307007, 0.9380555748939514], [0.4867857098579407, 0.7878571152687073, 0.8959920406341553, 0.9501190185546875], [0.44210317730903625, 0.7561904788017273, 0.8714682459831238, 0.9328571557998657], [0.42373016476631165, 0.7203968167304993, 0.8453174829483032, 0.9169047474861145], [0.4824603199958801, 0.7980555295944214, 0.909166693687439, 0.959841251373291], [0.44535714387893677, 0.7382936477661133, 0.848809540271759, 0.9123809337615967], [0.506428599357605, 0.7913888692855835, 0.8854761719703674, 0.9358333349227905], [0.48944443464279175, 0.7932142615318298, 0.8991666436195374, 0.9491666555404663], [0.4498412609100342, 0.88698410987854, 0.9507539868354797, 0.973809540271759]]",MeanPoolLinear_RESVAR,MeanPoolLinear_RESVAR_seed45,meanpool_linear,MeanPoolLinear,residual_variance_reg,RESVAR,,,,,,
45,MeanPoolLinear_RESVAR+pfT,predictive,gaussian_blur,3,0.5453082323074341,0.42047977447509766,-0.2789907896347695,0.26538543837683526,0.05171353369951248,0.05171353369951248,"[0.20619505643844604, 0.02860536426305771, 0.023072386160492897, 0.04003065079450607, 0.06915823370218277, 0.019920263439416885, 0.04880567267537117, 0.019108522683382034, 0.0242769718170166, 0.0379621647298336]","[[0.3588888943195343, 0.6152777671813965, 0.7316269874572754, 0.8121031522750854], [0.47257936000823975, 0.7688491940498352, 0.8750793933868408, 0.9324206113815308], [0.49984127283096313, 0.8038095235824585, 0.907182514667511, 0.9570634961128235], [0.4505952298641205, 0.7658730149269104, 0.8797222375869751, 0.9381746053695679], [0.43392857909202576, 0.7324206233024597, 0.8573015928268433, 0.9260714054107666], [0.48400792479515076, 0.800079345703125, 0.9105555415153503, 0.9607539772987366], [0.43964284658432007, 0.729801595211029, 0.842301607131958, 0.907182514667511], [0.4983333349227905, 0.7827380895614624, 0.8783730268478394, 0.9311507940292358], [0.49440476298332214, 0.7992857098579407, 0.9034920930862427, 0.9516666531562805], [0.42888888716697693, 0.8642460107803345, 0.9424206614494324, 0.9682936668395996]]",MeanPoolLinear_RESVAR,MeanPoolLinear_RESVAR_seed45,meanpool_linear,MeanPoolLinear,residual_variance_reg,RESVAR,,,,,,
45,MeanPoolLinear_RESVAR+conformal90,interval,gaussian_blur,3,0.5453082323074341,0.42047977447509766,-0.262197345495224,0.23617689311504364,0.06600594520568848,0.06600594520568848,"[0.23295266926288605, 0.03199057653546333, 0.03351278603076935, 0.06921696662902832, 0.10484626889228821, 0.03105737268924713, 0.058250363916158676, 0.022122880443930626, 0.03788350895047188, 0.03822604566812515]",,MeanPoolLinear_RESVAR,MeanPoolLinear_RESVAR_seed45,meanpool_linear,MeanPoolLinear,residual_variance_reg,RESVAR,0.9,0.861547619047619,"[0.7421428571428571, 0.8773809523809524, 0.8806746031746032, 0.8726984126984128, 0.8563888888888889, 0.8698412698412699, 0.8415079365079365, 0.8842063492063492, 0.8867460317460317, 0.9038888888888889]",0.03923015873015874,1.639876365661621,"[1.7955433130264282, 1.2348647117614746, 1.823874592781067, 1.9599488973617554, 2.0387556552886963, 1.9960938692092896, 1.229024052619934, 1.0453778505325317, 1.6811790466308594, 1.5941280126571655]"
45,MeanPoolLinear_RESVAR+cdfCal90,interval,gaussian_blur,3,0.5453082323074341,0.42047977447509766,-0.262197345495224,0.23617689311504364,0.06600594520568848,0.06600594520568848,"[0.23295266926288605, 0.03199057653546333, 0.03351278603076935, 0.06921696662902832, 0.10484626889228821, 0.03105737268924713, 0.058250363916158676, 0.022122880443930626, 0.03788350895047188, 0.03822604566812515]",,MeanPoolLinear_RESVAR,MeanPoolLinear_RESVAR_seed45,meanpool_linear,MeanPoolLinear,residual_variance_reg,RESVAR,0.9,0.8691746031746032,"[0.740515873015873, 0.8770634920634921, 0.9048015873015873, 0.8734126984126984, 0.8468650793650794, 0.9048412698412699, 0.8433333333333334, 0.8890476190476191, 0.901984126984127, 0.9098809523809523]",0.03512698412698413,1.53639051628346,"[1.7769647662686807, 1.2030207558442436, 1.8934509736094507, 1.9500674861560705, 1.9565714705029167, 2.090367407356936, 1.234203478546081, 1.0192902773612937, 1.65532955326088, 0.5846389939280451]"
45,MeanPoolLinear_RESVAR+gaussSplitConf90,interval,gaussian_blur,3,0.5453082323074341,0.42047977447509766,-0.262197345495224,0.23617689311504364,0.06600594520568848,0.06600594520568848,"[0.23295266926288605, 0.03199057653546333, 0.03351278603076935, 0.06921696662902832, 0.10484626889228821, 0.03105737268924713, 0.058250363916158676, 0.022122880443930626, 0.03788350895047188, 0.03822604566812515]",,MeanPoolLinear_RESVAR,MeanPoolLinear_RESVAR_seed45,meanpool_linear,MeanPoolLinear,residual_variance_reg,RESVAR,0.9,0.8693730158730159,"[0.7259920634920635, 0.8701984126984127, 0.9018650793650793, 0.8730952380952381, 0.847936507936508, 0.9043253968253968, 0.8417857142857142, 0.8857539682539682, 0.9007539682539683, 0.9420238095238095]",0.04042063492063491,1.5411294135642377,"[1.7727132387153612, 1.1989306357210934, 1.8779618457809168, 1.9457993299233247, 1.958600821590185, 2.082963336718057, 1.2356465464843818, 1.0222399424472328, 1.646102608772145, 0.6703358294896676]"
45,MeanPoolLinear_RESVAR,predictive,gaussian_blur,5,0.5675910711288452,0.43864408135414124,-0.19054414331912994,0.24035519361495972,0.08022545278072357,0.08022545278072357,"[0.3006385564804077, 0.036863185465335846, 0.03669828549027443, 0.0814044326543808, 0.13494563102722168, 0.03433937579393387, 0.07156198471784592, 0.02407851628959179, 0.044169191271066666, 0.03755546733736992]","[[0.30567461252212524, 0.5382142663002014, 0.6507539749145508, 0.7355555295944214], [0.4491269886493683, 0.7406349182128906, 0.8501983880996704, 0.9133333563804626], [0.46039682626724243, 0.758809506893158, 0.8730952143669128, 0.9353571534156799], [0.4107539653778076, 0.7155555486679077, 0.8390476107597351, 0.909246027469635], [0.3889285624027252, 0.6682936549186707, 0.7948809266090393, 0.8768650889396667], [0.45769840478897095, 0.7690476179122925, 0.8861904740333557, 0.9455158710479736], [0.41575396060943604, 0.6964285969734192, 0.8132936358451843, 0.8814682364463806], [0.47980159521102905, 0.7621825337409973, 0.8605952262878418, 0.918055534362793], [0.46246030926704407, 0.7602777481079102, 0.8738095164299011, 0.9318650960922241], [0.42916667461395264, 0.8589285612106323, 0.9368253946304321, 0.9631349444389343]]",MeanPoolLinear_RESVAR,MeanPoolLinear_RESVAR_seed45,meanpool_linear,MeanPoolLinear,residual_variance_reg,RESVAR,,,,,,
45,MeanPoolLinear_RESVAR+posthocT,predictive,gaussian_blur,5,0.5675910711288452,0.43864408135414124,-0.2109420746564865,0.2653547525405884,0.06637825071811676,0.06637825071811676,"[0.2798241674900055, 0.030946146696805954, 0.02224338799715042, 0.06147271394729614, 0.11213994771242142, 0.017095236107707024, 0.05668853968381882, 0.01918385736644268, 0.03120405413210392, 0.03298443183302879]","[[0.3209126889705658, 0.5603571534156799, 0.6744444370269775, 0.7583730220794678], [0.4694841206073761, 0.7644841074943542, 0.8693650960922241, 0.9273809790611267], [0.4808730185031891, 0.7830952405929565, 0.8922619223594666, 0.9480555653572083], [0.43087300658226013, 0.7422618865966797, 0.8619047403335571, 0.9246428608894348], [0.4062698483467102, 0.6938492059707642, 0.8188492059707642, 0.8958730101585388], [0.4786904752254486, 0.7949603199958801, 0.9052777886390686, 0.9581349492073059], [0.4339682459831238, 0.7190476059913635, 0.8345237970352173, 0.898293673992157], [0.500595211982727, 0.7848016023635864, 0.8784920573234558, 0.9309523701667786], [0.4830952286720276, 0.7846825122833252, 0.893412709236145, 0.9440476298332214], [0.4508333206176758, 0.8813095092773438, 0.9453174471855164, 0.9694444537162781]]",MeanPoolLinear_RESVAR,MeanPoolLinear_RESVAR_seed45,meanpool_linear,MeanPoolLinear,residual_variance_reg,RESVAR,,,,,,
45,MeanPoolLinear_RESVAR+pfT,predictive,gaussian_blur,5,0.5675910711288452,0.43864408135414124,-0.21404355034791608,0.2700738297091018,0.06473922729492188,0.06473922729492188,"[0.27380162477493286, 0.03315858170390129, 0.022111443802714348, 0.05411164090037346, 0.0992761179804802, 0.016573768109083176, 0.06204377859830856, 0.02096363715827465, 0.028062967583537102, 0.03728877380490303]","[[0.3244841396808624, 0.5662301778793335, 0.6816666722297668, 0.7648412585258484], [0.4590476155281067, 0.7532142996788025, 0.8609126806259155, 0.9208729863166809], [0.49615079164505005, 0.7990872859954834, 0.9046031832695007, 0.9561904668807983], [0.43865078687667847, 0.7517856955528259, 0.8694047331809998, 0.9307143092155457], [0.4166269898414612, 0.7071428298950195, 0.8321031928062439, 0.9067857265472412], [0.4803968369960785, 0.79666668176651, 0.9068650603294373, 0.9589682817459106], [0.4276190400123596, 0.7109524011611938, 0.8272222280502319, 0.8927778005599976], [0.4925000071525574, 0.7761508226394653, 0.8715476393699646, 0.92551589012146], [0.48845237493515015, 0.7909523844718933, 0.8972222208976746, 0.9472222328186035], [0.43015873432159424, 0.8603174686431885, 0.9371031522750854, 0.963690459728241]]",MeanPoolLinear_RESVAR,MeanPoolLinear_RESVAR_seed45,meanpool_linear,MeanPoolLinear,residual_variance_reg,RESVAR,,,,,,
45,MeanPoolLinear_RESVAR+conformal90,interval,gaussian_blur,5,0.5675910711288452,0.43864408135414124,-0.19054414331912994,0.24035519361495972,0.08022545278072357,0.08022545278072357,"[0.3006385564804077, 0.036863185465335846, 0.03669828549027443, 0.0814044326543808, 0.13494563102722168, 0.03433937579393387, 0.07156198471784592, 0.02407851628959179, 0.044169191271066666, 0.03755546733736992]",,MeanPoolLinear_RESVAR,MeanPoolLinear_RESVAR_seed45,meanpool_linear,MeanPoolLinear,residual_variance_reg,RESVAR,0.9,0.8477103174603174,"[0.6891666666666667, 0.8701984126984127, 0.8753571428571428, 0.8628174603174603, 0.836468253968254, 0.8608333333333333, 0.8248809523809524, 0.8756349206349207, 0.876984126984127, 0.9047619047619048]",0.05324206349206351,1.639876365661621,"[1.7955433130264282, 1.2348647117614746, 1.823874592781067, 1.9599488973617554, 2.0387556552886963, 1.9960938692092896, 1.229024052619934, 1.0453778505325317, 1.6811790466308594, 1.5941280126571655]"
45,MeanPoolLinear_RESVAR+cdfCal90,interval,gaussian_blur,5,0.5675910711288452,0.43864408135414124,-0.19054414331912994,0.24035519361495972,0.08022545278072357,0.08022545278072357,"[0.3006385564804077, 0.036863185465335846, 0.03669828549027443, 0.0814044326543808, 0.13494563102722168, 0.03433937579393387, 0.07156198471784592, 0.02407851628959179, 0.044169191271066666, 0.03755546733736992]",,MeanPoolLinear_RESVAR,MeanPoolLinear_RESVAR_seed45,meanpool_linear,MeanPoolLinear,residual_variance_reg,RESVAR,0.9,0.855297619047619,"[0.6917857142857143, 0.8629761904761905, 0.9018650793650793, 0.8636507936507937, 0.8198015873015873, 0.9007142857142857, 0.8285714285714286, 0.8831746031746032, 0.8956349206349207, 0.9048015873015873]",0.04617857142857142,1.5492868354426979,"[1.7822317280267368, 1.200348131434801, 1.9167277419834687, 1.9667525671225647, 1.9555563799303435, 2.1290722358450105, 1.243811371575509, 1.0285261204893215, 1.6780463434367896, 0.5917957345824744]"
45,MeanPoolLinear_RESVAR+gaussSplitConf90,interval,gaussian_blur,5,0.5675910711288452,0.43864408135414124,-0.19054414331912994,0.24035519361495972,0.08022545278072357,0.08022545278072357,"[0.3006385564804077, 0.036863185465335846, 0.03669828549027443, 0.0814044326543808, 0.13494563102722168, 0.03433937579393387, 0.07156198471784592, 0.02407851628959179, 0.044169191271066666, 0.03755546733736992]",,MeanPoolLinear_RESVAR,MeanPoolLinear_RESVAR_seed45,meanpool_linear,MeanPoolLinear,residual_variance_reg,RESVAR,0.9,0.8550436507936509,"[0.6757142857142857, 0.8550396825396825, 0.8985714285714286, 0.8631746031746032, 0.821468253968254, 0.9001984126984127, 0.8267460317460318, 0.8791666666666667, 0.893531746031746, 0.9368253968253968]",0.05236111111111112,1.5535247993062553,"[1.7777136279843133, 1.1962977804455734, 1.8996198136044267, 1.9616174865774216, 1.9576384962663609, 2.1202166977497963, 1.2449861806167062, 1.0310496432129754, 1.6675666558847424, 0.6785416107202251]"
45,MeanPoolLinear_RESVAR,predictive,brightness,1,0.8795425295829773,0.7095794677734375,4.074410438537598,0.18203678727149963,0.39759764075279236,0.39759764075279236,"[0.7800520062446594, 0.7711370587348938, 0.24814578890800476, 0.2996361255645752, 0.292448490858078, 0.2675900161266327, 0.42618289589881897, 0.03131863474845886, 0.6493509411811829, 0.21011477708816528]","[[0.14801587164402008, 0.27718254923820496, 0.3489285707473755, 0.40539681911468506], [0.13329364359378815, 0.2467460334300995, 0.31480157375335693, 0.36992064118385315], [0.33515873551368713, 0.5875396728515625, 0.6958730220794678, 0.7655952572822571], [0.28976190090179443, 0.5467857122421265, 0.6667460203170776, 0.7503174543380737], [0.28384920954704285, 0.5187301635742188, 0.6392063498497009, 0.7262301445007324], [0.3010317385196686, 0.5442063212394714, 0.6680952310562134, 0.7550793886184692], [0.17563492059707642, 0.33373016119003296, 0.42202380299568176, 0.4975396692752838], [0.48496031761169434, 0.761388897895813, 0.8598809242248535, 0.921150803565979], [0.13658730685710907, 0.26527777314186096, 0.34611111879348755, 0.4129365086555481], [0.10428571701049805, 0.27912697196006775, 0.3041269779205322, 0.32329365611076355]]",MeanPoolLinear_RESVAR,MeanPoolLinear_RESVAR_seed45,meanpool_linear,MeanPoolLinear,residual_variance_reg,RESVAR,,,,,,
45,MeanPoolLinear_RESVAR+posthocT,predictive,brightness,1,0.8795425295829773,0.7095794677734375,3.6397252082824707,0.2009705901145935,0.383597195148468,0.383597195148468,"[0.7671418190002441, 0.7570592164993286, 0.23001167178153992, 0.2771063446998596, 0.27267688512802124, 0.24653680622577667, 0.4131868779659271, 0.027350634336471558, 0.6344025731086731, 0.2104993760585785]","[[0.1550396829843521, 0.2911111116409302, 0.3631349205970764, 0.4221031665802002], [0.14107142388820648, 0.25956350564956665, 0.3299206495285034, 0.3873412609100342], [0.35150793194770813, 0.6104364991188049, 0.715753972530365, 0.7838095426559448], [0.30420634150505066, 0.5699999928474426, 0.6907539963722229, 0.7720634937286377], [0.29753968119621277, 0.5419444441795349, 0.664722204208374, 0.7519841194152832], [0.3149999976158142, 0.5674206614494324, 0.6931746006011963, 0.7801190614700317], [0.1854761838912964, 0.3494444489479065, 0.4415476322174072, 0.5198809504508972], [0.5045238137245178, 0.7831745743751526, 0.8775396943092346, 0.936904788017273], [0.14317460358142853, 0.2784523665904999, 0.3635317385196686, 0.4337301552295685], [0.11892857402563095, 0.28480157256126404, 0.3090079426765442, 0.32873016595840454]]",MeanPoolLinear_RESVAR,MeanPoolLinear_RESVAR_seed45,meanpool_linear,MeanPoolLinear,residual_variance_reg,RESVAR,,,,,,
45,MeanPoolLinear_RESVAR+pfT,predictive,brightness,1,0.8795425295829773,0.7095794677734375,3.805241678758847,0.2033775977145995,0.38062748312950134,0.38062748312950134,"[0.7634062767028809, 0.7641448974609375, 0.2175220549106598, 0.26815488934516907, 0.261524498462677, 0.2447262853384018, 0.41786614060401917, 0.02826765924692154, 0.6305257678031921, 0.21013624966144562]","[[0.1572222262620926, 0.29523810744285583, 0.3683333396911621, 0.426626980304718], [0.13710317015647888, 0.25281745195388794, 0.32202380895614624, 0.3785317540168762], [0.3635317385196686, 0.625595211982727, 0.7297222018241882, 0.7964682579040527], [0.30964285135269165, 0.5794841051101685, 0.7005952596664429, 0.7817063331604004], [0.30523809790611267, 0.5550397038459778, 0.6777380704879761, 0.76583331823349], [0.3162698447704315, 0.5690476298332214, 0.6948412656784058, 0.7821031808853149], [0.18198412656784058, 0.3436904847621918, 0.43440476059913635, 0.5120635032653809], [0.49686509370803833, 0.7748412489891052, 0.870634913444519, 0.9312698245048523], [0.14503967761993408, 0.2817063629627228, 0.36742064356803894, 0.43880951404571533], [0.1049206331372261, 0.27940475940704346, 0.30464285612106323, 0.3236111104488373]]",MeanPoolLinear_RESVAR,MeanPoolLinear_RESVAR_seed45,meanpool_linear,MeanPoolLinear,residual_variance_reg,RESVAR,,,,,,
45,MeanPoolLinear_RESVAR+conformal90,interval,brightness,1,0.8795425295829773,0.7095794677734375,4.074410438537598,0.18203678727149963,0.39759764075279236,0.39759764075279236,"[0.7800520062446594, 0.7711370587348938, 0.24814578890800476, 0.2996361255645752, 0.292448490858078, 0.2675900161266327, 0.42618289589881897, 0.03131863474845886, 0.6493509411811829, 0.21011477708816528]",,MeanPoolLinear_RESVAR,MeanPoolLinear_RESVAR_seed45,meanpool_linear,MeanPoolLinear,residual_variance_reg,RESVAR,0.9,0.6616666666666667,"[0.5273412698412698, 0.3458730158730159, 0.7757142857142857, 0.7049603174603175, 0.7641666666666667, 0.7517857142857143, 0.49753968253968256, 0.798531746031746, 0.5121031746031746, 0.9386507936507936]",0.2460634920634921,1.639876365661621,"[1.7955433130264282, 1.2348647117614746, 1.823874592781067, 1.9599488973617554, 2.0387556552886963, 1.9960938692092896, 1.229024052619934, 1.0453778505325317, 1.6811790466308594, 1.5941280126571655]"
45,MeanPoolLinear_RESVAR+cdfCal90,interval,brightness,1,0.8795425295829773,0.7095794677734375,4.074410438537598,0.18203678727149963,0.39759764075279236,0.39759764075279236,"[0.7800520062446594, 0.7711370587348938, 0.24814578890800476, 0.2996361255645752, 0.292448490858078, 0.2675900161266327, 0.42618289589881897, 0.03131863474845886, 0.6493509411811829, 0.21011477708816528]",,MeanPoolLinear_RESVAR,MeanPoolLinear_RESVAR_seed45,meanpool_linear,MeanPoolLinear,residual_variance_reg,RESVAR,0.9,0.5437539682539683,"[0.36678571428571427, 0.32134920634920633, 0.7242460317460317, 0.6929761904761905, 0.6682936507936508, 0.6899603174603175, 0.43273809523809526, 0.8861904761904762, 0.36523809523809525, 0.2897619047619048]",0.35624603174603175,1.3476226315455178,"[1.1054341785846127, 1.1616913825982191, 1.58433132727208, 1.9318521056076445, 1.6953870352349136, 1.7781234873783507, 1.0868084474778994, 1.2696628234284395, 1.2860961286609798, 0.5768393992119941]"
45,MeanPoolLinear_RESVAR+gaussSplitConf90,interval,brightness,1,0.8795425295829773,0.7095794677734375,4.074410438537598,0.18203678727149963,0.39759764075279236,0.39759764075279236,"[0.7800520062446594, 0.7711370587348938, 0.24814578890800476, 0.2996361255645752, 0.292448490858078, 0.2675900161266327, 0.42618289589881897, 0.03131863474845886, 0.6493509411811829, 0.21011477708816528]",,MeanPoolLinear_RESVAR,MeanPoolLinear_RESVAR_seed45,meanpool_linear,MeanPoolLinear,residual_variance_reg,RESVAR,0.9,0.5455912698412699,"[0.37234126984126986, 0.31797619047619047, 0.7269047619047619, 0.6925793650793651, 0.671984126984127, 0.6894047619047619, 0.4351984126984127, 0.8746428571428572, 0.3707539682539683, 0.30412698412698413]",0.35440873015873015,1.3617730022028078,"[1.1351702872613605, 1.1582162510134533, 1.5903401602265175, 1.9285303850733098, 1.7109929696056698, 1.7824288572922489, 1.0923668847640442, 1.261060284048511, 1.2972309785906373, 0.66139296415231]"
45,MeanPoolLinear_RESVAR,predictive,brightness,3,1.1729848384857178,0.9815446734428406,15.900362014770508,0.14841830730438232,0.703646183013916,0.703646183013916,"[0.8129825592041016, 0.997492253780365, 0.39132606983184814, 0.5106552839279175, 0.3220527172088623, 0.3364856243133545, 1.4306073188781738, 0.17762696743011475, 1.766502022743225, 0.2907308340072632]","[[0.1113492026925087, 0.2090476155281067, 0.26674604415893555, 0.31686508655548096], [0.06535714119672775, 0.12182539701461792, 0.15456348657608032, 0.18250000476837158], [0.2413095235824585, 0.4474603235721588, 0.5591269731521606, 0.642380952835083], [0.21571429073810577, 0.4090476334095001, 0.5120238065719604, 0.5936111211776733], [0.2519444525241852, 0.45571428537368774, 0.5629364848136902, 0.6451587080955505], [0.2775793671607971, 0.5040873289108276, 0.6148412823677063, 0.6947222352027893], [0.04293650761246681, 0.08789682388305664, 0.11480158567428589, 0.1430952399969101], [0.3178968131542206, 0.6065079569816589, 0.7339682579040527, 0.8194444179534912], [0.032579366117715836, 0.06369047611951828, 0.08146825432777405, 0.09765873104333878], [0.05702380836009979, 0.17996031045913696, 0.2150000035762787, 0.23234127461910248]]",MeanPoolLinear_RESVAR,MeanPoolLinear_RESVAR_seed45,meanpool_linear,MeanPoolLinear,residual_variance_reg,RESVAR,,,,,,
45,MeanPoolLinear_RESVAR+posthocT,predictive,brightness,3,1.1729848384857178,0.9815446734428406,14.335892677307129,0.1638554334640503,0.68996661901474,0.68996661901474,"[0.8004999160766602, 0.9901136755943298, 0.3727271258831024, 0.48994559049606323, 0.30608558654785156, 0.3172793686389923, 1.4158968925476074, 0.16282165050506592, 1.75782310962677, 0.2864733636379242]","[[0.11694444715976715, 0.2194841206073761, 0.27984127402305603, 0.3328571319580078], [0.06884920597076416, 0.1269841343164444, 0.16174602508544922, 0.19202381372451782], [0.254404753446579, 0.46734127402305603, 0.5821031928062439, 0.6657936573028564], [0.22682540118694305, 0.4288095235824585, 0.5342063307762146, 0.6181746125221252], [0.2644444406032562, 0.47527778148651123, 0.5861904621124268, 0.6698412895202637], [0.2921428680419922, 0.5263491868972778, 0.6357936263084412, 0.7166270017623901], [0.04519841447472572, 0.09178571403026581, 0.12182539701461792, 0.1520238071680069], [0.33476191759109497, 0.6326190233230591, 0.7602381110191345, 0.8429762125015259], [0.03404761850833893, 0.06662698090076447, 0.08547618985176086, 0.1029365062713623], [0.06289682537317276, 0.18912698328495026, 0.22007936239242554, 0.2366269826889038]]",MeanPoolLinear_RESVAR,MeanPoolLinear_RESVAR_seed45,meanpool_linear,MeanPoolLinear,residual_variance_reg,RESVAR,,,,,,
45,MeanPoolLinear_RESVAR+pfT,predictive,brightness,3,1.1729848384857178,0.9815446734428406,14.768259717569498,0.16619617199280856,0.6880999803543091,0.6880999803543091,"[0.7968881130218506, 0.9938274621963501, 0.35991737246513367, 0.4817172586917877, 0.2970791161060333, 0.31562766432762146, 1.4211934804916382, 0.16872520744800568, 1.7555723190307617, 0.2904519736766815]","[[0.11801587045192719, 0.2222222238779068, 0.284206360578537, 0.3375396728515625], [0.06666667014360428, 0.12464285641908646, 0.1584523767232895, 0.18718254566192627], [0.2625793516635895, 0.48301586508750916, 0.5970634818077087, 0.6821428537368774], [0.23178571462631226, 0.4362301528453827, 0.5429762005805969, 0.6276984214782715], [0.2710714340209961, 0.48646825551986694, 0.5994444489479065, 0.6824603080749512], [0.29305556416511536, 0.5279762148857117, 0.6378968358039856, 0.7187301516532898], [0.04416666552424431, 0.09047619253396988, 0.1188095211982727, 0.1488095223903656], [0.3278571367263794, 0.6225396990776062, 0.7498015761375427, 0.8340873122215271], [0.034563492983579636, 0.06738094985485077, 0.08615079522132874, 0.1044047623872757], [0.05742063373327255, 0.18051587045192719, 0.21531745791435242, 0.23269841074943542]]",MeanPoolLinear_RESVAR,MeanPoolLinear_RESVAR_seed45,meanpool_linear,MeanPoolLinear,residual_variance_reg,RESVAR,,,,,,
45,MeanPoolLinear_RESVAR+conformal90,interval,brightness,3,1.1729848384857178,0.9815446734428406,15.900362014770508,0.14841830730438232,0.703646183013916,0.703646183013916,"[0.8129825592041016, 0.997492253780365, 0.39132606983184814, 0.5106552839279175, 0.3220527172088623, 0.3364856243133545, 1.4306073188781738, 0.17762696743011475, 1.766502022743225, 0.2907308340072632]",,MeanPoolLinear_RESVAR,MeanPoolLinear_RESVAR_seed45,meanpool_linear,MeanPoolLinear,residual_variance_reg,RESVAR,0.9,0.5467619047619048,"[0.468968253968254, 0.31472222222222224, 0.6555952380952381, 0.5825, 0.7926587301587301, 0.7333333333333333, 0.12384920634920635, 0.5608333333333333, 0.24023809523809525, 0.9949206349206349]",0.3722222222222223,1.639876365661621,"[1.7955433130264282, 1.2348647117614746, 1.823874592781067, 1.9599488973617554, 2.0387556552886963, 1.9960938692092896, 1.229024052619934, 1.0453778505325317, 1.6811790466308594, 1.5941280126571655]"
45,MeanPoolLinear_RESVAR+cdfCal90,interval,brightness,3,1.1729848384857178,0.9815446734428406,15.900362014770508,0.14841830730438232,0.703646183013916,0.703646183013916,"[0.8129825592041016, 0.997492253780365, 0.39132606983184814, 0.5106552839279175, 0.3220527172088623, 0.3364856243133545, 1.4306073188781738, 0.17762696743011475, 1.766502022743225, 0.2907308340072632]",,MeanPoolLinear_RESVAR,MeanPoolLinear_RESVAR_seed45,meanpool_linear,MeanPoolLinear,residual_variance_reg,RESVAR,0.9,0.3968571428571429,"[0.2797222222222222, 0.1571031746031746, 0.5923015873015873, 0.5360714285714285, 0.5884920634920635, 0.6303968253968254, 0.11706349206349206, 0.7803968253968254, 0.0857936507936508, 0.20123015873015873]",0.5031428571428572,1.198021735240491,"[1.068825961796693, 0.6088784693840821, 1.6249402085552973, 1.7757869698918312, 1.3691612582749781, 1.6221336955788426, 1.2301749393798687, 1.5796101797900135, 0.746700554505512, 0.35400511524775746]"
45,MeanPoolLinear_RESVAR+gaussSplitConf90,interval,brightness,3,1.1729848384857178,0.9815446734428406,15.900362014770508,0.14841830730438232,0.703646183013916,0.703646183013916,"[0.8129825592041016, 0.997492253780365, 0.39132606983184814, 0.5106552839279175, 0.3220527172088623, 0.3364856243133545, 1.4306073188781738, 0.17762696743011475, 1.766502022743225, 0.2907308340072632]",,MeanPoolLinear_RESVAR,MeanPoolLinear_RESVAR_seed45,meanpool_linear,MeanPoolLinear,residual_variance_reg,RESVAR,0.9,0.39929365079365076,"[0.288968253968254, 0.15813492063492063, 0.5945238095238096, 0.537063492063492, 0.6004761904761905, 0.6347222222222222, 0.11880952380952381, 0.7519444444444444, 0.09329365079365079, 0.215]",0.5007063492063493,1.2138670229315252,"[1.100414892635272, 0.6136292937911882, 1.628124865991896, 1.780574089868592, 1.4017246787439341, 1.632288829337785, 1.2317304868670353, 1.5567066505827643, 0.7875809828671546, 0.4058954586296291]"
45,MeanPoolLinear_RESVAR,predictive,brightness,5,1.384577751159668,1.1628766059875488,32.56624984741211,0.15399259328842163,0.8917800188064575,0.8917800188064575,"[0.8361749649047852, 1.1267459392547607, 0.7474901676177979, 0.50526362657547, 0.43719878792762756, 0.8959968090057373, 2.2542285919189453, 0.2868446707725525, 1.512803316116333, 0.31505298614501953]","[[0.10916666686534882, 0.2058333307504654, 0.26253968477249146, 0.3112698495388031], [0.04809523746371269, 0.08817460387945175, 0.11420635133981705, 0.13595238327980042], [0.14416666328907013, 0.2767857015132904, 0.35920634865760803, 0.4302777647972107], [0.2148015946149826, 0.39690476655960083, 0.49420633912086487, 0.5737698674201965], [0.2284523844718933, 0.41880953311920166, 0.5146825313568115, 0.5899206399917603], [0.1284920573234558, 0.24837301671504974, 0.32083332538604736, 0.38182538747787476], [0.005992063321173191, 0.016349205747246742, 0.02488095313310623, 0.037460315972566605], [0.26849207282066345, 0.5179365277290344, 0.6535714268684387, 0.748968243598938], [0.029642857611179352, 0.057777777314186096, 0.07444444298744202, 0.08888889104127884], [0.11420635133981705, 0.1719047576189041, 0.19138889014720917, 0.20797619223594666]]",MeanPoolLinear_RESVAR,MeanPoolLinear_RESVAR_seed45,meanpool_linear,MeanPoolLinear,residual_variance_reg,RESVAR,,,,,,
45,MeanPoolLinear_RESVAR+posthocT,predictive,brightness,5,1.384577751159668,1.1628766059875488,29.424211502075195,0.17000950872898102,0.8784044981002808,0.8784044981002808,"[0.8240946531295776, 1.1208724975585938, 0.7281639575958252, 0.4863019287586212, 0.4209102690219879, 0.87654709815979, 2.2358927726745605, 0.26736241579055786, 1.5077457427978516, 0.3161536157131195]","[[0.11480158567428589, 0.21587301790714264, 0.2764682471752167, 0.3263491988182068], [0.05067460238933563, 0.0932539701461792, 0.11988095194101334, 0.14305555820465088], [0.15134920179843903, 0.2914682626724243, 0.3794444501399994, 0.4519047737121582], [0.22531746327877045, 0.41535714268684387, 0.5155952572822571, 0.5974206328392029], [0.2401190549135208, 0.4352380931377411, 0.5338888764381409, 0.6105952262878418], [0.1359127014875412, 0.2612301707267761, 0.33646824955940247, 0.4007539749145508], [0.006428571417927742, 0.017142856493592262, 0.02777777798473835, 0.04158730059862137], [0.28230157494544983, 0.5438492298126221, 0.6809523701667786, 0.7742857336997986], [0.03095238097012043, 0.0605158731341362, 0.07821428775787354, 0.09361111372709274], [0.11936508119106293, 0.17638888955116272, 0.19607143104076385, 0.21321429312229156]]",MeanPoolLinear_RESVAR,MeanPoolLinear_RESVAR_seed45,meanpool_linear,MeanPoolLinear,residual_variance_reg,RESVAR,,,,,,
45,MeanPoolLinear_RESVAR+pfT,predictive,brightness,5,1.384577751159668,1.1628766059875488,29.922586855058686,0.17208842546482322,0.8763819932937622,0.8763819932937622,"[0.8205992579460144, 1.123828649520874, 0.7148532867431641, 0.47876811027526855, 0.4117225408554077, 0.874874472618103, 2.242494583129883, 0.27513086795806885, 1.5064340829849243, 0.31511446833610535]","[[0.11638888716697693, 0.21928571164608002, 0.28015872836112976, 0.33095237612724304], [0.049246031790971756, 0.0907936543226242, 0.11722221970558167, 0.1393650770187378], [0.15638889372348785, 0.3023809492588043, 0.39202380180358887, 0.4674603044986725], [0.23007936775684357, 0.42222222685813904, 0.5243253707885742, 0.6054762005805969], [0.24666666984558105, 0.44535714387893677, 0.5451587438583374, 0.6225000023841858], [0.13658730685710907, 0.26253968477249146, 0.33761903643608093, 0.4024603068828583], [0.006230158731341362, 0.016825396567583084, 0.026626983657479286, 0.040039680898189545], [0.2770634889602661, 0.5328571200370789, 0.6707539558410645, 0.7642857432365417], [0.031507935374975204, 0.06119047477841377, 0.07916666567325592, 0.09496031701564789], [0.11464285850524902, 0.1723412722349167, 0.19150793552398682, 0.20825396478176117]]",MeanPoolLinear_RESVAR,MeanPoolLinear_RESVAR_seed45,meanpool_linear,MeanPoolLinear,residual_variance_reg,RESVAR,,,,,,
45,MeanPoolLinear_RESVAR+conformal90,interval,brightness,5,1.384577751159668,1.1628766059875488,32.56624984741211,0.15399259328842163,0.8917800188064575,0.8917800188064575,"[0.8361749649047852, 1.1267459392547607, 0.7474901676177979, 0.50526362657547, 0.43719878792762756, 0.8959968090057373, 2.2542285919189453, 0.2868446707725525, 1.512803316116333, 0.31505298614501953]",,MeanPoolLinear_RESVAR,MeanPoolLinear_RESVAR_seed45,meanpool_linear,MeanPoolLinear,residual_variance_reg,RESVAR,0.9,0.4703611111111111,"[0.47063492063492063, 0.29194444444444445, 0.4386111111111111, 0.611984126984127, 0.7226190476190476, 0.3948809523809524, 0.015952380952380954, 0.458531746031746, 0.3415079365079365, 0.9569444444444445]",0.4410277777777778,1.639876365661621,"[1.7955433130264282, 1.2348647117614746, 1.823874592781067, 1.9599488973617554, 2.0387556552886963, 1.9960938692092896, 1.229024052619934, 1.0453778505325317, 1.6811790466308594, 1.5941280126571655]"
45,MeanPoolLinear_RESVAR+cdfCal90,interval,brightness,5,1.384577751159668,1.1628766059875488,32.56624984741211,0.15399259328842163,0.8917800188064575,0.8917800188064575,"[0.8361749649047852, 1.1267459392547607, 0.7474901676177979, 0.50526362657547, 0.43719878792762756, 0.8959968090057373, 2.2542285919189453, 0.2868446707725525, 1.512803316116333, 0.31505298614501953]",,MeanPoolLinear_RESVAR,MeanPoolLinear_RESVAR_seed45,meanpool_linear,MeanPoolLinear,residual_variance_reg,RESVAR,0.9,0.3147698412698413,"[0.2751984126984127, 0.11595238095238095, 0.39, 0.5173015873015873, 0.5348015873015873, 0.3305952380952381, 0.025793650793650792, 0.6951984126984126, 0.07884920634920635, 0.1840079365079365]",0.5852301587301587,1.1814305690301334,"[1.0343774848308438, 0.4846732164408657, 1.6884817384976916, 1.6259021751103935, 1.3967190641892981, 1.642694495652802, 1.5333437564659589, 1.6603477889518783, 0.4351328912137773, 0.31263307894779957]"
45,MeanPoolLinear_RESVAR+gaussSplitConf90,interval,brightness,5,1.384577751159668,1.1628766059875488,32.56624984741211,0.15399259328842163,0.8917800188064575,0.8917800188064575,"[0.8361749649047852, 1.1267459392547607, 0.7474901676177979, 0.50526362657547, 0.43719878792762756, 0.8959968090057373, 2.2542285919189453, 0.2868446707725525, 1.512803316116333, 0.31505298614501953]",,MeanPoolLinear_RESVAR,MeanPoolLinear_RESVAR_seed45,meanpool_linear,MeanPoolLinear,residual_variance_reg,RESVAR,0.9,0.31752380952380954,"[0.28563492063492063, 0.11753968253968254, 0.38952380952380955, 0.5212698412698412, 0.5456746031746031, 0.33416666666666667, 0.02603174603174603, 0.6719047619047619, 0.0921031746031746, 0.1913888888888889]",0.5824761904761904,1.1976442916308763,"[1.0677099286608887, 0.49127223744441034, 1.6872473519331277, 1.6384770171196512, 1.4278500070807723, 1.6520785800788573, 1.5264346247301404, 1.6337190215594963, 0.4931950704264999, 0.35845907727491355]"
45,MeanPoolLinear_RESVAR,predictive,gaussian_noise,1,0.7505520582199097,0.6137385368347168,1.7890325784683228,0.2043212205171585,0.28206509351730347,0.28206509351730347,"[0.2787243127822876, 0.6576052308082581, 0.17099277675151825, 0.0763213187456131, 0.16349630057811737, 0.23509547114372253, 0.5236081480979919, 0.034925542771816254, 0.543536901473999, 0.1363450139760971]","[[0.272301584482193, 0.49464285373687744, 0.6069444417953491, 0.694523811340332], [0.16202381253242493, 0.3003571331501007, 0.3777380883693695, 0.44130951166152954], [0.3487698435783386, 0.6150793433189392, 0.7303968071937561, 0.8092063665390015], [0.42496031522750854, 0.7275000214576721, 0.8468254208564758, 0.9139285683631897], [0.3594047725200653, 0.6336507797241211, 0.7568253874778748, 0.83817458152771], [0.329325407743454, 0.5878174901008606, 0.7123809456825256, 0.8032143115997314], [0.12884920835494995, 0.2621031701564789, 0.3564682602882385, 0.443968266248703], [0.44452381134033203, 0.753333330154419, 0.8680555820465088, 0.926031768321991], [0.16007936000823975, 0.3063095211982727, 0.40392857789993286, 0.4916269779205322], [0.164682537317276, 0.38575395941734314, 0.4225793778896332, 0.4548015892505646]]",MeanPoolLinear_RESVAR,MeanPoolLinear_RESVAR_seed45,meanpool_linear,MeanPoolLinear,residual_variance_reg,RESVAR,,,,,,
45,MeanPoolLinear_RESVAR+posthocT,predictive,gaussian_noise,1,0.7505520582199097,0.6137385368347168,1.5761984586715698,0.225572869181633,0.26701146364212036,0.26701146364212036,"[0.2631548047065735, 0.6429423689842224, 0.15331913530826569, 0.05766826122999191, 0.1435117870569229, 0.21144193410873413, 0.5081803202629089, 0.02911365032196045, 0.5245145559310913, 0.13626797497272491]","[[0.2849603295326233, 0.5161507725715637, 0.6316269636154175, 0.7188888788223267], [0.1698809564113617, 0.3149206340312958, 0.3949206471443176, 0.4590873122215271], [0.36515873670578003, 0.637420654296875, 0.7530555725097656, 0.829285740852356], [0.443968266248703, 0.7526984214782715, 0.866944432258606, 0.9293254017829895], [0.3767460286617279, 0.6574206352233887, 0.7797619104385376, 0.8574603199958801], [0.34638887643814087, 0.6105555295944214, 0.7382143139839172, 0.8276190757751465], [0.13646824657917023, 0.27841269969940186, 0.3781746029853821, 0.4739285707473755], [0.4650000035762787, 0.7784126996994019, 0.8865873217582703, 0.9373015761375427], [0.16809523105621338, 0.3240872919559479, 0.4287698268890381, 0.5176587104797363], [0.1795634925365448, 0.3938095271587372, 0.43190476298332214, 0.46543651819229126]]",MeanPoolLinear_RESVAR,MeanPoolLinear_RESVAR_seed45,meanpool_linear,MeanPoolLinear,residual_variance_reg,RESVAR,,,,,,
45,MeanPoolLinear_RESVAR+pfT,predictive,gaussian_noise,1,0.7505520582199097,0.6137385368347168,1.6715854609895036,0.22880488430041757,0.26427531242370605,0.26427531242370605,"[0.2586498558521271, 0.6503224968910217, 0.1411466747522354, 0.050257083028554916, 0.13223928213119507, 0.209407776594162, 0.5137351751327515, 0.03107297793030739, 0.5195811986923218, 0.13634072244167328]","[[0.288650780916214, 0.5231349468231201, 0.6388095021247864, 0.7252380847930908], [0.16599206626415253, 0.3072619140148163, 0.38626983761787415, 0.4496031701564789], [0.3776587247848511, 0.6519444584846497, 0.7671428322792053, 0.8427777886390686], [0.4519047737121582, 0.7615079283714294, 0.874404788017273, 0.9340079426765442], [0.3855952322483063, 0.6715079545974731, 0.7920634746551514, 0.8678174614906311], [0.3474999964237213, 0.6126984357833862, 0.7404761910438538, 0.8290873169898987], [0.13404761254787445, 0.2726190388202667, 0.37067461013793945, 0.4629761874675751], [0.45619046688079834, 0.7683333158493042, 0.879365086555481, 0.9328968524932861], [0.1698809564113617, 0.32829365134239197, 0.4344841241836548, 0.5253571271896362], [0.16527777910232544, 0.3864682614803314, 0.42321428656578064, 0.4553571343421936]]",MeanPoolLinear_RESVAR,MeanPoolLinear_RESVAR_seed45,meanpool_linear,MeanPoolLinear,residual_variance_reg,RESVAR,,,,,,
45,MeanPoolLinear_RESVAR+conformal90,interval,gaussian_noise,1,0.7505520582199097,0.6137385368347168,1.7890325784683228,0.2043212205171585,0.28206509351730347,0.28206509351730347,"[0.2787243127822876, 0.6576052308082581, 0.17099277675151825, 0.0763213187456131, 0.16349630057811737, 0.23509547114372253, 0.5236081480979919, 0.034925542771816254, 0.543536901473999, 0.1363450139760971]",,MeanPoolLinear_RESVAR,MeanPoolLinear_RESVAR_seed45,meanpool_linear,MeanPoolLinear,residual_variance_reg,RESVAR,0.9,0.7149285714285716,"[0.7793253968253968, 0.3945238095238095, 0.8349603174603175, 0.8620634920634921, 0.8523015873015873, 0.7361111111111112, 0.36543650793650795, 0.8751984126984127, 0.47543650793650793, 0.9739285714285715]",0.19985714285714287,1.6398764848709106,"[1.7955433130264282, 1.2348647117614746, 1.823874592781067, 1.9599488973617554, 2.0387556552886963, 1.9960938692092896, 1.229024052619934, 1.0453778505325317, 1.6811790466308594, 1.5941280126571655]"
45,MeanPoolLinear_RESVAR+cdfCal90,interval,gaussian_noise,1,0.7505520582199097,0.6137385368347168,1.7890325784683228,0.2043212205171585,0.28206509351730347,0.28206509351730347,"[0.2787243127822876, 0.6576052308082581, 0.17099277675151825, 0.0763213187456131, 0.16349630057811737, 0.23509547114372253, 0.5236081480979919, 0.034925542771816254, 0.543536901473999, 0.1363450139760971]",,MeanPoolLinear_RESVAR,MeanPoolLinear_RESVAR_seed45,meanpool_linear,MeanPoolLinear,residual_variance_reg,RESVAR,0.9,0.624468253968254,"[0.6270634920634921, 0.38337301587301587, 0.7610317460317461, 0.8690476190476191, 0.7820238095238096, 0.7354365079365079, 0.3738492063492064, 0.8764285714285714, 0.4338492063492064, 0.4025793650793651]",0.275531746031746,1.4346202841814015,"[1.333139785618391, 1.2099694892075785, 1.5441000532533355, 1.9916019973820211, 1.7136451108897923, 1.997744777675719, 1.290170585101473, 1.0894776698466093, 1.6366066919969813, 0.5397466808421003]"
45,MeanPoolLinear_RESVAR+gaussSplitConf90,interval,gaussian_noise,1,0.7505520582199097,0.6137385368347168,1.7890325784683228,0.2043212205171585,0.28206509351730347,0.28206509351730347,"[0.2787243127822876, 0.6576052308082581, 0.17099277675151825, 0.0763213187456131, 0.16349630057811737, 0.23509547114372253, 0.5236081480979919, 0.034925542771816254, 0.543536901473999, 0.1363450139760971]",,MeanPoolLinear_RESVAR,MeanPoolLinear_RESVAR_seed45,meanpool_linear,MeanPoolLinear,residual_variance_reg,RESVAR,0.9,0.6285873015873016,"[0.6407142857142857, 0.3821825396825397, 0.7660317460317461, 0.8686507936507937, 0.7865079365079365, 0.7318650793650794, 0.3692857142857143, 0.8865873015873016, 0.43146825396825395, 0.42257936507936505]",0.27141269841269844,1.4443841197449285,"[1.3513512139881585, 1.2057759706769826, 1.5529068007413451, 1.985175788835469, 1.728301975364915, 1.9938141427282474, 1.2900510134233976, 1.0891888843849513, 1.6284122408487105, 0.6188631664570673]"
45,MeanPoolLinear_RESVAR,predictive,gaussian_noise,3,1.326898217201233,1.1435577869415283,15.345611572265625,0.23373320698738098,0.7995054721832275,0.7995054721832275,"[3.022209644317627, 1.444045066833496, 0.6891149282455444, 0.1542632132768631, 0.5659286379814148, 0.7583038210868835, 0.8439062237739563, 0.05225950479507446, 0.2804446518421173, 0.18457873165607452]","[[0.0, 0.0, 0.0, 3.968253804487176e-05], [0.08690476417541504, 0.15765872597694397, 0.19956348836421967, 0.23333333432674408], [0.1455952376127243, 0.2803174555301666, 0.3608333468437195, 0.42924603819847107], [0.38575395941734314, 0.6673809289932251, 0.7867460250854492, 0.8647222518920898], [0.15880952775478363, 0.30218252539634705, 0.3792460262775421, 0.4432142972946167], [0.16265873610973358, 0.3170238137245178, 0.4094444513320923, 0.49400794506073], [0.10420634597539902, 0.21722222864627838, 0.2857142984867096, 0.3507142961025238], [0.4548015892505646, 0.7553571462631226, 0.8641666769981384, 0.921230137348175], [0.34341269731521606, 0.6019047498703003, 0.7280555367469788, 0.8111507892608643], [0.18218253552913666, 0.3387698531150818, 0.3909127116203308, 0.4295634925365448]]",MeanPoolLinear_RESVAR,MeanPoolLinear_RESVAR_seed45,meanpool_linear,MeanPoolLinear,residual_variance_reg,RESVAR,,,,,,
45,MeanPoolLinear_RESVAR+posthocT,predictive,gaussian_noise,3,1.326898217201233,1.1435577869415283,13.855416297912598,0.25804403424263,0.7836772799491882,0.7836772799491882,"[3.012401580810547, 1.4300463199615479, 0.6720381379127502, 0.12779206037521362, 0.553267240524292, 0.7332188487052917, 0.8261194229125977, 0.045319266617298126, 0.2504127323627472, 0.18615734577178955]","[[0.0, 0.0, 0.0, 3.968253804487176e-05], [0.0907936543226242, 0.16555555164813995, 0.20773810148239136, 0.24392856657505035], [0.1525396853685379, 0.2948412597179413, 0.37809523940086365, 0.4523809552192688], [0.4048015773296356, 0.6920238137245178, 0.8103968501091003, 0.884087324142456], [0.16698412597179413, 0.3162301480770111, 0.3966269791126251, 0.4617460370063782], [0.1711507886648178, 0.33246031403541565, 0.43119049072265625, 0.521746039390564], [0.10992063581943512, 0.2291666716337204, 0.30158731341362, 0.3713095188140869], [0.476150780916214, 0.7781745791435242, 0.8810714483261108, 0.9350396990776062], [0.36067458987236023, 0.6257539391517639, 0.7533730268478394, 0.8329761624336243], [0.19309523701667786, 0.3512301445007324, 0.401706337928772, 0.44083333015441895]]",MeanPoolLinear_RESVAR,MeanPoolLinear_RESVAR_seed45,meanpool_linear,MeanPoolLinear,residual_variance_reg,RESVAR,,,,,,
45,MeanPoolLinear_RESVAR+pfT,predictive,gaussian_noise,3,1.326898217201233,1.1435577869415283,13.841511049958044,0.26142989491039953,0.780980110168457,0.780980110168457,"[3.009563684463501, 1.4370921850204468, 0.6602767705917358, 0.11727461218833923, 0.5461254715919495, 0.731061577796936, 0.8325235843658447, 0.04769599437713623, 0.24352030456066132, 0.18466690182685852]","[[0.0, 0.0, 0.0, 3.968253804487176e-05], [0.08896825462579727, 0.16170634329319, 0.2036111056804657, 0.23904761672019958], [0.15686507523059845, 0.3042857050895691, 0.3896031677722931, 0.4672222137451172], [0.41134920716285706, 0.7020635008811951, 0.8188889026641846, 0.8910317420959473], [0.17123015224933624, 0.3233333230018616, 0.40587303042411804, 0.4726587235927582], [0.17182539403438568, 0.33424603939056396, 0.433095246553421, 0.5239285826683044], [0.10793650895357132, 0.22428570687770844, 0.2961111068725586, 0.3638095259666443], [0.46765872836112976, 0.769444465637207, 0.8744444251060486, 0.9294841289520264], [0.36448413133621216, 0.6320635080337524, 0.7587301731109619, 0.83817458152771], [0.18261905014514923, 0.3397619128227234, 0.391865074634552, 0.43019840121269226]]",MeanPoolLinear_RESVAR,MeanPoolLinear_RESVAR_seed45,meanpool_linear,MeanPoolLinear,residual_variance_reg,RESVAR,,,,,,
45,MeanPoolLinear_RESVAR+conformal90,interval,gaussian_noise,3,1.326898217201233,1.1435577869415283,15.345611572265625,0.23373320698738098,0.7995054721832275,0.7995054721832275,"[3.022209644317627, 1.444045066833496, 0.6891149282455444, 0.1542632132768631, 0.5659286379814148, 0.7583038210868835, 0.8439062237739563, 0.05225950479507446, 0.2804446518421173, 0.18457873165607452]",,MeanPoolLinear_RESVAR,MeanPoolLinear_RESVAR_seed45,meanpool_linear,MeanPoolLinear,residual_variance_reg,RESVAR,0.9,0.4944642857142857,"[0.0005158730158730159, 0.20793650793650795, 0.4747222222222222, 0.7517857142857143, 0.6733333333333333, 0.40615079365079365, 0.23634920634920634, 0.7070238095238095, 0.5549603174603175, 0.9318650793650793]",0.4119087301587302,1.639876365661621,"[1.7955433130264282, 1.2348647117614746, 1.823874592781067, 1.9599488973617554, 2.0387556552886963, 1.9960938692092896, 1.229024052619934, 1.0453778505325317, 1.6811790466308594, 1.5941280126571655]"
45,MeanPoolLinear_RESVAR+cdfCal90,interval,gaussian_noise,3,1.326898217201233,1.1435577869415283,15.345611572265625,0.23373320698738098,0.7995054721832275,0.7995054721832275,"[3.022209644317627, 1.444045066833496, 0.6891149282455444, 0.1542632132768631, 0.5659286379814148, 0.7583038210868835, 0.8439062237739563, 0.05225950479507446, 0.2804446518421173, 0.18457873165607452]",,MeanPoolLinear_RESVAR,MeanPoolLinear_RESVAR_seed45,meanpool_linear,MeanPoolLinear,residual_variance_reg,RESVAR,0.9,0.45193253968253966,"[0.0, 0.2073015873015873, 0.3846031746031746, 0.8128571428571428, 0.3990873015873016, 0.42988095238095236, 0.29833333333333334, 0.8703968253968254, 0.7563492063492063, 0.360515873015873]",0.4480674603174604,1.496302157357245,"[0.8398079024135946, 1.1551701693069347, 1.491955496754311, 2.269811173236325, 1.0856943692605903, 2.1186421910580693, 1.4874459212133644, 1.5864112115841171, 2.583821997785788, 0.34426114095934784]"
45,MeanPoolLinear_RESVAR+gaussSplitConf90,interval,gaussian_noise,3,1.326898217201233,1.1435577869415283,15.345611572265625,0.23373320698738098,0.7995054721832275,0.7995054721832275,"[3.022209644317627, 1.444045066833496, 0.6891149282455444, 0.1542632132768631, 0.5659286379814148, 0.7583038210868835, 0.8439062237739563, 0.05225950479507446, 0.2804446518421173, 0.18457873165607452]",,MeanPoolLinear_RESVAR,MeanPoolLinear_RESVAR_seed45,meanpool_linear,MeanPoolLinear,residual_variance_reg,RESVAR,0.9,0.4545714285714285,"[0.0, 0.2015873015873016, 0.38912698412698415, 0.8089285714285714, 0.41484126984126984, 0.4247222222222222, 0.29345238095238096, 0.8759126984126984, 0.7462301587301587, 0.39091269841269843]",0.44542857142857145,1.499439653576616,"[0.8829879396517691, 1.1517920745537367, 1.504388677061913, 2.24892975773162, 1.1329926334152531, 2.110177789448081, 1.4818182882021536, 1.563193882357274, 2.523392288284829, 0.39472320505950725]"
45,MeanPoolLinear_RESVAR,predictive,gaussian_noise,5,2.0895142555236816,1.9038679599761963,40.2642936706543,0.4019167423248291,1.484893560409546,1.484893560409546,"[5.11973237991333, 2.369250535964966, 0.34771186113357544, 0.32384538650512695, 1.9319132566452026, 2.2523231506347656, 0.5566729307174683, 0.15781471133232117, 1.3437647819519043, 0.44590529799461365]","[[0.0, 0.0, 0.0, 0.0], [0.0009523809421807528, 0.0037698412779718637, 0.007420634850859642, 0.012936508283019066], [0.273333340883255, 0.4987301528453827, 0.6106349229812622, 0.6984127163887024], [0.28928571939468384, 0.5238491892814636, 0.6362698674201965, 0.7185317277908325], [0.0022619047667831182, 0.006031746044754982, 0.008730159141123295, 0.012420634739100933], [0.0012301587266847491, 0.0031746032182127237, 0.0063492064364254475, 0.009206349030137062], [0.24063491821289062, 0.47634920477867126, 0.6105158925056458, 0.7146825194358826], [0.3821825385093689, 0.7180158495903015, 0.8576984405517578, 0.9357936382293701], [0.12642857432365417, 0.2927381098270416, 0.4023412764072418, 0.5015079379081726], [0.03420634940266609, 0.14797618985176086, 0.22019840776920319, 0.27396824955940247]]",MeanPoolLinear_RESVAR,MeanPoolLinear_RESVAR_seed45,meanpool_linear,MeanPoolLinear,residual_variance_reg,RESVAR,,,,,,
45,MeanPoolLinear_RESVAR+posthocT,predictive,gaussian_noise,5,2.0895142555236816,1.9038679599761963,36.43644332885742,0.4437204599380493,1.4649155139923096,1.4649155139923096,"[5.107928276062012, 2.358816623687744, 0.3273363709449768, 0.3028181791305542, 1.9215121269226074, 2.2404215335845947, 0.5209409594535828, 0.1312382072210312, 1.2993144989013672, 0.43882858753204346]","[[0.0, 0.0, 0.0, 0.0], [0.0009920635493472219, 0.004166666883975267, 0.008611110970377922, 0.014642857015132904], [0.28662699460983276, 0.5201190710067749, 0.6344047784805298, 0.7229365110397339], [0.3027777671813965, 0.5455952286720276, 0.6597222089767456, 0.7396825551986694], [0.0023809524718672037, 0.006388888694345951, 0.009206349030137062, 0.013412698172032833], [0.0013095238246023655, 0.0035714285913854837, 0.007023809477686882, 0.011190475896000862], [0.2545238137245178, 0.501547634601593, 0.6383333206176758, 0.7410714030265808], [0.40468254685401917, 0.7456746101379395, 0.8824999928474426, 0.9527778029441833], [0.13452380895614624, 0.3126984238624573, 0.43063491582870483, 0.5317460298538208], [0.03849206492304802, 0.16162697970867157, 0.23515872657299042, 0.28876984119415283]]",MeanPoolLinear_RESVAR,MeanPoolLinear_RESVAR_seed45,meanpool_linear,MeanPoolLinear,residual_variance_reg,RESVAR,,,,,,
45,MeanPoolLinear_RESVAR+pfT,predictive,gaussian_noise,5,2.0895142555236816,1.9038679599761963,36.46994525710805,0.44247099583934074,1.4640330076217651,1.4640330076217651,"[5.104512691497803, 2.3640682697296143, 0.31330302357673645, 0.2944636940956116, 1.9156452417373657, 2.2393980026245117, 0.5338063836097717, 0.14183546602725983, 1.287786602973938, 0.44551005959510803]","[[0.0, 0.0, 0.0, 0.0], [0.0009920635493472219, 0.004007936455309391, 0.008055555634200573, 0.013730159029364586], [0.29595237970352173, 0.5343254208564758, 0.6490873098373413, 0.7387698292732239], [0.3092857003211975, 0.5542460083961487, 0.6682539582252502, 0.7476190328598022], [0.002420634962618351, 0.006626984104514122, 0.009563491679728031, 0.014047618955373764], [0.0013095238246023655, 0.0035714285913854837, 0.0071428571827709675, 0.011309524066746235], [0.2502777874469757, 0.49345237016677856, 0.6278174519538879, 0.7323809266090393], [0.3951190412044525, 0.7359126806259155, 0.8726984262466431, 0.9458333253860474], [0.13734127581119537, 0.317936509847641, 0.4370238184928894, 0.5409126877784729], [0.034682538360357285, 0.14888888597488403, 0.22119048237800598, 0.27464285492897034]]",MeanPoolLinear_RESVAR,MeanPoolLinear_RESVAR_seed45,meanpool_linear,MeanPoolLinear,residual_variance_reg,RESVAR,,,,,,
45,MeanPoolLinear_RESVAR+conformal90,interval,gaussian_noise,5,2.0895142555236816,1.9038679599761963,40.2642936706543,0.4019167423248291,1.484893560409546,1.484893560409546,"[5.11973237991333, 2.369250535964966, 0.34771186113357544, 0.32384538650512695, 1.9319132566452026, 2.2523231506347656, 0.5566729307174683, 0.15781471133232117, 1.3437647819519043, 0.44590529799461365]",,MeanPoolLinear_RESVAR,MeanPoolLinear_RESVAR_seed45,meanpool_linear,MeanPoolLinear,residual_variance_reg,RESVAR,0.9,0.30620238095238095,"[0.0, 0.027857142857142858, 0.6595238095238095, 0.7032936507936508, 0.08682539682539682, 0.04281746031746032, 0.2565873015873016, 0.3325396825396825, 0.15746031746031747, 0.7951190476190476]",0.5937976190476191,1.6398764848709106,"[1.7955433130264282, 1.2348647117614746, 1.823874592781067, 1.9599488973617554, 2.0387556552886963, 1.9960938692092896, 1.229024052619934, 1.0453778505325317, 1.6811790466308594, 1.5941280126571655]"
45,MeanPoolLinear_RESVAR+cdfCal90,interval,gaussian_noise,5,2.0895142555236816,1.9038679599761963,40.2642936706543,0.4019167423248291,1.484893560409546,1.484893560409546,"[5.11973237991333, 2.369250535964966, 0.34771186113357544, 0.32384538650512695, 1.9319132566452026, 2.2523231506347656, 0.5566729307174683, 0.15781471133232117, 1.3437647819519043, 0.44590529799461365]",,MeanPoolLinear_RESVAR,MeanPoolLinear_RESVAR_seed45,meanpool_linear,MeanPoolLinear,residual_variance_reg,RESVAR,0.9,0.3466746031746032,"[0.0, 0.008611111111111111, 0.6437301587301587, 0.6616269841269842, 0.009404761904761905, 0.007023809523809524, 0.6327777777777778, 0.8758333333333334, 0.43265873015873013, 0.19507936507936507]",0.5533253968253968,1.804168017063171,"[1.0107589017055787, 0.8609936675390923, 1.780154306938387, 1.803011254638433, 0.8918872784887533, 1.0051875011676226, 2.9881311370694523, 3.3755080540192313, 3.82431623566614, 0.5017318333989715]"
45,MeanPoolLinear_RESVAR+gaussSplitConf90,interval,gaussian_noise,5,2.0895142555236816,1.9038679599761963,40.2642936706543,0.4019167423248291,1.484893560409546,1.484893560409546,"[5.11973237991333, 2.369250535964966, 0.34771186113357544, 0.32384538650512695, 1.9319132566452026, 2.2523231506347656, 0.5566729307174683, 0.15781471133232117, 1.3437647819519043, 0.44590529799461365]",,MeanPoolLinear_RESVAR,MeanPoolLinear_RESVAR_seed45,meanpool_linear,MeanPoolLinear,residual_variance_reg,RESVAR,0.9,0.34510317460317463,"[0.0, 0.007936507936507936, 0.6428968253968254, 0.6633730158730159, 0.011349206349206348, 0.007261904761904762, 0.6175396825396825, 0.8655952380952381, 0.4148809523809524, 0.2201984126984127]",0.5548968253968254,1.7955045719622484,"[1.0452867338414777, 0.8619929722632648, 1.7725444819163785, 1.8063838537997132, 0.9492597957515471, 1.0384786972339275, 2.9406033538745167, 3.2697416879362926, 3.695478069708961, 0.5752760732963882]"
